{
  "timestamp": "2025-09-25T13:38:38.140992",
  "config": {
    "data_dir": "./data",
    "sequence_length": 16,
    "image_size": [
      224,
      224
    ],
    "batch_size": 8,
    "num_epochs": 30,
    "learning_rate": 0.0001,
    "weight_decay": 0.0001,
    "video_feature_dim": 512,
    "skeleton_model_dim": 512,
    "video_transformer_layers": 4,
    "skeleton_transformer_layers": 4,
    "n_heads": 8,
    "dropout": 0.1,
    "seed": 42
  },
  "model_parameters": {
    "total_parameters": 30124561,
    "num_classes": 17,
    "skeleton_input_dim": 96,
    "video_feature_dim": 512,
    "skeleton_model_dim": 512
  },
  "class_weights_info": {
    "weighting_strategy": "inverse_sqrt",
    "rare_class_boost": 2.0,
    "class_weights": [
      0.1909991204738617,
      0.4030342698097229,
      4.869881629943848,
      1.9550750255584717,
      1.661494255065918,
      0.9757519960403442,
      0.9917153716087341,
      1.1581237316131592,
      0.44472581148147583,
      0.1444120556116104,
      1.162615418434143,
      1.6703555583953857,
      0.3128129243850708,
      0.16476048529148102,
      0.17621758580207825,
      0.32525068521499634,
      0.39277419447898865
    ],
    "class_names": [
      "adjusting_tool",
      "close_door",
      "doffing_ppe",
      "donning_ppe",
      "grinding_buildplate",
      "inspecting_buildplate",
      "observing",
      "open_door",
      "preparing_buildplate",
      "refit_buildplate",
      "toggle_lights",
      "turning_gas_knobs",
      "using_control_panel",
      "using_flexpendant_mobile",
      "using_flexpendant_mounted",
      "walking",
      "wiring"
    ],
    "class_counts": [
      7151,
      1606,
      44,
      273,
      378,
      1096,
      1061,
      778,
      1319,
      12509,
      772,
      374,
      2666,
      9610,
      8401,
      2466,
      1691
    ]
  },
  "pytorch_version": "2.7.1+cu128",
  "cuda_available": true,
  "device": "cuda",
  "cuda_device": "NVIDIA GeForce GTX 1080 Ti",
  "cuda_memory": 11810897920
}