{
  "timestamp": "2025-09-27T00:08:21.949567",
  "config": {
    "data_dir": "./data",
    "sequence_length": 16,
    "image_size": [
      224,
      224
    ],
    "batch_size": 4,
    "num_epochs": 30,
    "learning_rate": 5e-06,
    "weight_decay": 1e-05,
    "video_feature_dim": 512,
    "skeleton_model_dim": 512,
    "video_transformer_layers": 4,
    "skeleton_transformer_layers": 4,
    "n_heads": 8,
    "dropout": 0.1,
    "seed": 42
  },
  "model_parameters": {
    "total_parameters": 30124561,
    "num_classes": 17,
    "skeleton_input_dim": 96,
    "video_feature_dim": 512,
    "skeleton_model_dim": 512
  },
  "class_weights_info": {
    "weighting_strategy": "inverse_sqrt",
    "rare_class_boost": 2.0,
    "class_weights": [
      0.1905912160873413,
      0.39975956082344055,
      3.0,
      1.9687389135360718,
      1.6599111557006836,
      0.9753134250640869,
      0.9951024055480957,
      1.159219741821289,
      0.4433779716491699,
      0.14407198131084442,
      1.1607223749160767,
      1.6778082847595215,
      0.31122690439224243,
      0.16461704671382904,
      0.17583759129047394,
      0.3225545883178711,
      0.3923448920249939
    ],
    "class_names": [
      "adjusting_tool",
      "close_door",
      "doffing_ppe",
      "donning_ppe",
      "grinding_buildplate",
      "inspecting_buildplate",
      "observing",
      "open_door",
      "preparing_buildplate",
      "refit_buildplate",
      "toggle_lights",
      "turning_gas_knobs",
      "using_control_panel",
      "using_flexpendant_mobile",
      "using_flexpendant_mounted",
      "walking",
      "wiring"
    ],
    "class_counts": [
      7149,
      1625,
      44,
      268,
      377,
      1092,
      1049,
      773,
      1321,
      12511,
      771,
      369,
      2681,
      9583,
      8399,
      2496,
      1687
    ]
  },
  "pytorch_version": "2.7.1+cu128",
  "cuda_available": true,
  "device": "cuda",
  "cuda_device": "NVIDIA GeForce GTX 1080 Ti",
  "cuda_memory": 11810897920
}