{
  "timestamp": "2025-09-26T10:20:48.532405",
  "config": {
    "data_dir": "./data",
    "sequence_length": 16,
    "image_size": [
      224,
      224
    ],
    "batch_size": 8,
    "num_epochs": 30,
    "learning_rate": 2e-05,
    "weight_decay": 0.0001,
    "video_feature_dim": 512,
    "skeleton_model_dim": 512,
    "video_transformer_layers": 4,
    "skeleton_transformer_layers": 4,
    "n_heads": 8,
    "dropout": 0.1,
    "seed": 42
  },
  "model_parameters": {
    "total_parameters": 30124561,
    "num_classes": 17,
    "skeleton_input_dim": 96,
    "video_feature_dim": 512,
    "skeleton_model_dim": 512
  },
  "class_weights_info": {
    "weighting_strategy": "inverse_sqrt",
    "rare_class_boost": 2.0,
    "class_weights": [
      0.19214381277561188,
      0.40414875745773315,
      4.789372444152832,
      1.984221339225769,
      1.6729649305343628,
      0.9834337830543518,
      0.9977105855941772,
      1.1513330936431885,
      0.44703400135040283,
      0.14520497620105743,
      1.1668275594711304,
      1.6910028457641602,
      0.30909666419029236,
      0.1658337563276291,
      0.17824198305606842,
      0.32646745443344116,
      0.3949623703956604
    ],
    "class_names": [
      "adjusting_tool",
      "close_door",
      "doffing_ppe",
      "donning_ppe",
      "grinding_buildplate",
      "inspecting_buildplate",
      "observing",
      "open_door",
      "preparing_buildplate",
      "refit_buildplate",
      "toggle_lights",
      "turning_gas_knobs",
      "using_control_panel",
      "using_flexpendant_mobile",
      "using_flexpendant_mounted",
      "walking",
      "wiring"
    ],
    "class_counts": [
      7145,
      1615,
      46,
      268,
      377,
      1091,
      1060,
      796,
      1320,
      12511,
      775,
      369,
      2761,
      9592,
      8303,
      2475,
      1691
    ]
  },
  "pytorch_version": "2.7.1+cu128",
  "cuda_available": true,
  "device": "cuda",
  "cuda_device": "NVIDIA GeForce GTX 1080 Ti",
  "cuda_memory": 11810897920
}