{
  "timestamp": "2025-09-26T10:34:41.052701",
  "config": {
    "data_dir": "./data",
    "sequence_length": 16,
    "image_size": [
      224,
      224
    ],
    "batch_size": 8,
    "num_epochs": 30,
    "learning_rate": 2e-05,
    "weight_decay": 0.0001,
    "video_feature_dim": 512,
    "skeleton_model_dim": 512,
    "video_transformer_layers": 4,
    "skeleton_transformer_layers": 4,
    "n_heads": 8,
    "dropout": 0.1,
    "seed": 42
  },
  "model_parameters": {
    "total_parameters": 30124561,
    "num_classes": 17,
    "skeleton_input_dim": 96,
    "video_feature_dim": 512,
    "skeleton_model_dim": 512
  },
  "class_weights_info": {
    "weighting_strategy": "inverse_sqrt",
    "rare_class_boost": 2.0,
    "class_weights": [
      0.19150589406490326,
      0.4010442793369293,
      4.825881004333496,
      1.9557240009307861,
      1.6739675998687744,
      0.9792031049728394,
      0.9995283484458923,
      1.1628721952438354,
      0.4458565413951874,
      0.14469541609287262,
      1.1758400201797485,
      1.6739675998687744,
      0.3084961473941803,
      0.16507382690906525,
      0.177541583776474,
      0.3252951204776764,
      0.3935072124004364
    ],
    "class_names": [
      "adjusting_tool",
      "close_door",
      "doffing_ppe",
      "donning_ppe",
      "grinding_buildplate",
      "inspecting_buildplate",
      "observing",
      "open_door",
      "preparing_buildplate",
      "refit_buildplate",
      "toggle_lights",
      "turning_gas_knobs",
      "using_control_panel",
      "using_flexpendant_mobile",
      "using_flexpendant_mounted",
      "walking",
      "wiring"
    ],
    "class_counts": [
      7144,
      1629,
      45,
      274,
      374,
      1093,
      1049,
      775,
      1318,
      12514,
      758,
      374,
      2753,
      9615,
      8312,
      2476,
      1692
    ]
  },
  "pytorch_version": "2.7.1+cu128",
  "cuda_available": true,
  "device": "cuda",
  "cuda_device": "NVIDIA GeForce GTX 1080 Ti",
  "cuda_memory": 11810897920
}