{
  "timestamp": "2025-09-25T12:39:29.049951",
  "config": {
    "data_dir": "./data",
    "sequence_length": 16,
    "image_size": [
      224,
      224
    ],
    "batch_size": 8,
    "num_epochs": 30,
    "learning_rate": 0.0001,
    "weight_decay": 0.0001,
    "video_feature_dim": 512,
    "skeleton_model_dim": 512,
    "video_transformer_layers": 4,
    "skeleton_transformer_layers": 4,
    "n_heads": 8,
    "dropout": 0.1,
    "seed": 42
  },
  "model_parameters": {
    "total_parameters": 30124561,
    "num_classes": 17,
    "skeleton_input_dim": 96,
    "video_feature_dim": 512,
    "skeleton_model_dim": 512
  },
  "class_weights_info": {
    "weighting_strategy": "inverse_sqrt",
    "rare_class_boost": 2.0,
    "class_weights": [
      0.19127300381660461,
      0.40072473883628845,
      4.822035789489746,
      1.9759197235107422,
      1.6659655570983887,
      0.9793193340301514,
      0.9987319707870483,
      1.147236943244934,
      0.4449951648712158,
      0.14459747076034546,
      1.1749032735824585,
      1.6862144470214844,
      0.30791500210762024,
      0.16521747410297394,
      0.17744283378124237,
      0.32373109459877014,
      0.39377593994140625
    ],
    "class_names": [
      "adjusting_tool",
      "close_door",
      "doffing_ppe",
      "donning_ppe",
      "grinding_buildplate",
      "inspecting_buildplate",
      "observing",
      "open_door",
      "preparing_buildplate",
      "refit_buildplate",
      "toggle_lights",
      "turning_gas_knobs",
      "using_control_panel",
      "using_flexpendant_mobile",
      "using_flexpendant_mounted",
      "walking",
      "wiring"
    ],
    "class_counts": [
      7150,
      1629,
      45,
      268,
      377,
      1091,
      1049,
      795,
      1321,
      12511,
      758,
      368,
      2759,
      9583,
      8308,
      2496,
      1687
    ]
  },
  "pytorch_version": "2.7.1+cu128",
  "cuda_available": true,
  "device": "cuda",
  "cuda_device": "NVIDIA GeForce GTX 1080 Ti",
  "cuda_memory": 11810897920
}