{
  "timestamp": "2025-09-26T10:29:36.641376",
  "config": {
    "data_dir": "./data",
    "sequence_length": 16,
    "image_size": [
      224,
      224
    ],
    "batch_size": 8,
    "num_epochs": 30,
    "learning_rate": 2e-05,
    "weight_decay": 0.0001,
    "video_feature_dim": 512,
    "skeleton_model_dim": 512,
    "video_transformer_layers": 4,
    "skeleton_transformer_layers": 4,
    "n_heads": 8,
    "dropout": 0.1,
    "seed": 42
  },
  "model_parameters": {
    "total_parameters": 30124561,
    "num_classes": 17,
    "skeleton_input_dim": 96,
    "video_feature_dim": 512,
    "skeleton_model_dim": 512
  },
  "class_weights_info": {
    "weighting_strategy": "inverse_sqrt",
    "rare_class_boost": 2.0,
    "class_weights": [
      0.19174811244010925,
      0.4047715663909912,
      4.784857273101807,
      1.9823508262634277,
      1.669175624847412,
      0.9843128323554993,
      0.9972406029701233,
      1.163477897644043,
      0.4464435279369354,
      0.14505070447921753,
      1.1679904460906982,
      1.6848489046096802,
      0.3132035434246063,
      0.16567742824554443,
      0.1770322620868683,
      0.32629159092903137,
      0.3955267667770386
    ],
    "class_names": [
      "adjusting_tool",
      "close_door",
      "doffing_ppe",
      "donning_ppe",
      "grinding_buildplate",
      "inspecting_buildplate",
      "observing",
      "open_door",
      "preparing_buildplate",
      "refit_buildplate",
      "toggle_lights",
      "turning_gas_knobs",
      "using_control_panel",
      "using_flexpendant_mobile",
      "using_flexpendant_mounted",
      "walking",
      "wiring"
    ],
    "class_counts": [
      7161,
      1607,
      46,
      268,
      378,
      1087,
      1059,
      778,
      1321,
      12514,
      772,
      371,
      2684,
      9592,
      8401,
      2473,
      1683
    ]
  },
  "pytorch_version": "2.7.1+cu128",
  "cuda_available": true,
  "device": "cuda",
  "cuda_device": "NVIDIA GeForce GTX 1080 Ti",
  "cuda_memory": 11810897920
}