{
  "timestamp": "2025-09-24T22:35:06.494265",
  "config": {
    "data_dir": "./data",
    "sequence_length": 16,
    "image_size": [
      224,
      224
    ],
    "batch_size": 8,
    "num_epochs": 30,
    "learning_rate": 0.0001,
    "weight_decay": 0.0001,
    "video_feature_dim": 512,
    "skeleton_model_dim": 512,
    "video_transformer_layers": 4,
    "skeleton_transformer_layers": 4,
    "n_heads": 8,
    "dropout": 0.1,
    "seed": 42
  },
  "model_parameters": {
    "total_parameters": 30124561,
    "num_classes": 17,
    "skeleton_input_dim": 96,
    "video_feature_dim": 512,
    "skeleton_model_dim": 512
  },
  "class_weights_info": {
    "weighting_strategy": "inverse_sqrt",
    "rare_class_boost": 2.0,
    "class_weights": [
      0.19178248941898346,
      0.40320464968681335,
      4.787051677703857,
      1.9759008884429932,
      1.6743764877319336,
      0.9825071096420288,
      1.0010117292404175,
      1.1655104160308838,
      0.44715628027915955,
      0.14512881636619568,
      1.1595487594604492,
      1.6924782991409302,
      0.30967679619789124,
      0.16581390798091888,
      0.1781448870897293,
      0.32499879598617554,
      0.3957081437110901
    ],
    "class_names": [
      "adjusting_tool",
      "close_door",
      "doffing_ppe",
      "donning_ppe",
      "grinding_buildplate",
      "inspecting_buildplate",
      "observing",
      "open_door",
      "preparing_buildplate",
      "refit_buildplate",
      "toggle_lights",
      "turning_gas_knobs",
      "using_control_panel",
      "using_flexpendant_mobile",
      "using_flexpendant_mounted",
      "walking",
      "wiring"
    ],
    "class_counts": [
      7165,
      1621,
      46,
      270,
      376,
      1092,
      1052,
      776,
      1318,
      12512,
      784,
      368,
      2748,
      9585,
      8304,
      2495,
      1683
    ]
  },
  "pytorch_version": "2.7.1+cu128",
  "cuda_available": true,
  "device": "cuda",
  "cuda_device": "NVIDIA GeForce GTX 1080 Ti",
  "cuda_memory": 11810897920
}