{
  "timestamp": "2025-09-27T00:23:39.064008",
  "config": {
    "data_dir": "./data",
    "sequence_length": 16,
    "image_size": [
      224,
      224
    ],
    "batch_size": 4,
    "num_epochs": 30,
    "learning_rate": 5e-06,
    "weight_decay": 1e-05,
    "video_feature_dim": 512,
    "skeleton_model_dim": 512,
    "video_transformer_layers": 4,
    "skeleton_transformer_layers": 4,
    "n_heads": 8,
    "dropout": 0.1,
    "seed": 42
  },
  "model_parameters": {
    "total_parameters": 30124561,
    "num_classes": 17,
    "skeleton_input_dim": 96,
    "video_feature_dim": 512,
    "skeleton_model_dim": 512
  },
  "class_weights_info": {
    "weighting_strategy": "inverse_sqrt",
    "rare_class_boost": 2.0,
    "class_weights": [
      0.19253887236118317,
      0.40417200326919556,
      3.0,
      1.9763872623443604,
      1.6832200288772583,
      0.9854800701141357,
      1.0006883144378662,
      1.1524219512939453,
      0.4484097957611084,
      0.14571285247802734,
      1.190216302871704,
      1.6854687929153442,
      0.31055930256843567,
      0.1664852499961853,
      0.17881518602371216,
      0.3278612792491913,
      0.3970329463481903
    ],
    "class_names": [
      "adjusting_tool",
      "close_door",
      "doffing_ppe",
      "donning_ppe",
      "grinding_buildplate",
      "inspecting_buildplate",
      "observing",
      "open_door",
      "preparing_buildplate",
      "refit_buildplate",
      "toggle_lights",
      "turning_gas_knobs",
      "using_control_panel",
      "using_flexpendant_mobile",
      "using_flexpendant_mounted",
      "walking",
      "wiring"
    ],
    "class_counts": [
      7165,
      1626,
      47,
      272,
      375,
      1094,
      1061,
      800,
      1321,
      12510,
      750,
      374,
      2754,
      9583,
      8307,
      2471,
      1685
    ]
  },
  "pytorch_version": "2.7.1+cu128",
  "cuda_available": true,
  "device": "cuda",
  "cuda_device": "NVIDIA GeForce GTX 1080 Ti",
  "cuda_memory": 11810897920
}