{
  "timestamp": "2025-09-24T22:28:24.452464",
  "config": {
    "data_dir": "./data",
    "sequence_length": 16,
    "image_size": [
      224,
      224
    ],
    "batch_size": 8,
    "num_epochs": 25,
    "learning_rate": 0.0001,
    "weight_decay": 0.0001,
    "video_feature_dim": 512,
    "skeleton_model_dim": 512,
    "video_transformer_layers": 4,
    "skeleton_transformer_layers": 4,
    "n_heads": 8,
    "dropout": 0.1,
    "seed": 42
  },
  "model_parameters": {
    "total_parameters": 30124561,
    "num_classes": 17,
    "skeleton_input_dim": 96,
    "video_feature_dim": 512,
    "skeleton_model_dim": 512
  },
  "class_weights_info": {
    "weighting_strategy": "inverse_sqrt",
    "rare_class_boost": 2.0,
    "class_weights": [
      0.19268399477005005,
      0.4066464602947235,
      4.754127502441406,
      1.9798628091812134,
      1.6830775737762451,
      0.9876562356948853,
      1.000132441520691,
      1.155216097831726,
      0.44905224442481995,
      0.14566558599472046,
      1.1737958192825317,
      1.6921263933181763,
      0.31008297204971313,
      0.1664017140865326,
      0.17875702679157257,
      0.32783353328704834,
      0.3968816101551056
    ],
    "class_names": [
      "adjusting_tool",
      "close_door",
      "doffing_ppe",
      "donning_ppe",
      "grinding_buildplate",
      "inspecting_buildplate",
      "observing",
      "open_door",
      "preparing_buildplate",
      "refit_buildplate",
      "toggle_lights",
      "turning_gas_knobs",
      "using_control_panel",
      "using_flexpendant_mobile",
      "using_flexpendant_mounted",
      "walking",
      "wiring"
    ],
    "class_counts": [
      7153,
      1606,
      47,
      271,
      375,
      1089,
      1062,
      796,
      1317,
      12516,
      771,
      371,
      2762,
      9591,
      8311,
      2471,
      1686
    ]
  },
  "pytorch_version": "2.7.1+cu128",
  "cuda_available": true,
  "device": "cuda",
  "cuda_device": "NVIDIA GeForce GTX 1080 Ti",
  "cuda_memory": 11810897920
}