{
  "timestamp": "2025-09-28T13:01:53.392681",
  "config": {
    "data_dir": "./data",
    "sequence_length": 16,
    "image_size": [
      224,
      224
    ],
    "batch_size": 4,
    "num_epochs": 30,
    "learning_rate": 5e-06,
    "weight_decay": 1e-05,
    "video_feature_dim": 512,
    "skeleton_model_dim": 512,
    "video_transformer_layers": 4,
    "skeleton_transformer_layers": 4,
    "n_heads": 8,
    "dropout": 0.1,
    "seed": 42
  },
  "model_parameters": {
    "total_parameters": 30124561,
    "num_classes": 17,
    "skeleton_input_dim": 96,
    "video_feature_dim": 512,
    "skeleton_model_dim": 512
  },
  "class_weights_info": {
    "weighting_strategy": "inverse_sqrt",
    "rare_class_boost": 2.0,
    "class_weights": [
      0.18980251252651215,
      0.3968026638031006,
      3.0,
      1.942147135734558,
      1.6548914909362793,
      0.971073567867279,
      0.990776538848877,
      1.1345365047454834,
      0.4419526755809784,
      0.14341701567173004,
      1.1655445098876953,
      1.6593104600906372,
      0.3062402606010437,
      0.1638757735490799,
      0.17602939903736115,
      0.3216682970523834,
      0.3904079496860504
    ],
    "class_names": [
      "adjusting_tool",
      "close_door",
      "doffing_ppe",
      "donning_ppe",
      "grinding_buildplate",
      "inspecting_buildplate",
      "observing",
      "open_door",
      "preparing_buildplate",
      "refit_buildplate",
      "toggle_lights",
      "turning_gas_knobs",
      "using_control_panel",
      "using_flexpendant_mobile",
      "using_flexpendant_mounted",
      "walking",
      "wiring"
    ],
    "class_counts": [
      7146,
      1635,
      42,
      273,
      376,
      1092,
      1049,
      800,
      1318,
      12516,
      758,
      374,
      2745,
      9586,
      8308,
      2488,
      1689
    ]
  },
  "pytorch_version": "2.7.1+cu128",
  "cuda_available": true,
  "device": "cuda",
  "cuda_device": "NVIDIA GeForce GTX 1080 Ti",
  "cuda_memory": 11810897920
}