{
  "timestamp": "2025-09-25T12:42:16.590626",
  "config": {
    "data_dir": "./data",
    "sequence_length": 16,
    "image_size": [
      224,
      224
    ],
    "batch_size": 8,
    "num_epochs": 30,
    "learning_rate": 0.0001,
    "weight_decay": 0.0001,
    "video_feature_dim": 512,
    "skeleton_model_dim": 512,
    "video_transformer_layers": 4,
    "skeleton_transformer_layers": 4,
    "n_heads": 8,
    "dropout": 0.1,
    "seed": 42
  },
  "model_parameters": {
    "total_parameters": 30124561,
    "num_classes": 17,
    "skeleton_input_dim": 96,
    "video_feature_dim": 512,
    "skeleton_model_dim": 512
  },
  "class_weights_info": {
    "weighting_strategy": "inverse_sqrt",
    "rare_class_boost": 2.0,
    "class_weights": [
      0.18981221318244934,
      0.3988463282585144,
      4.951083183288574,
      1.9419745206832886,
      1.6547445058822632,
      0.9727705717086792,
      0.9906885027885437,
      1.1481518745422363,
      0.44208112359046936,
      0.14340999722480774,
      1.1430408954620361,
      1.6658576726913452,
      0.3053244948387146,
      0.16378434002399445,
      0.1760561466217041,
      0.3217690885066986,
      0.39060458540916443
    ],
    "class_names": [
      "adjusting_tool",
      "close_door",
      "doffing_ppe",
      "donning_ppe",
      "grinding_buildplate",
      "inspecting_buildplate",
      "observing",
      "open_door",
      "preparing_buildplate",
      "refit_buildplate",
      "toggle_lights",
      "turning_gas_knobs",
      "using_control_panel",
      "using_flexpendant_mobile",
      "using_flexpendant_mounted",
      "walking",
      "wiring"
    ],
    "class_counts": [
      7144,
      1618,
      42,
      273,
      376,
      1088,
      1049,
      781,
      1317,
      12515,
      788,
      371,
      2761,
      9595,
      8304,
      2486,
      1687
    ]
  },
  "pytorch_version": "2.7.1+cu128",
  "cuda_available": true,
  "device": "cuda",
  "cuda_device": "NVIDIA GeForce GTX 1080 Ti",
  "cuda_memory": 11810897920
}